<?xml version="1.0" encoding="UTF-8"?>
<GenRun Id="synth_1" LaunchPart="xc7z020clg400-1" LaunchTime="1732615932">
  <File Type="PA-TCL" Name="DMA_project_wrapper.tcl"/>
  <File Type="RDS-PROPCONSTRS" Name="DMA_project_wrapper_drc_synth.rpt"/>
  <File Type="REPORTS-TCL" Name="DMA_project_wrapper_reports.tcl"/>
  <File Type="RDS-RDS" Name="DMA_project_wrapper.vds"/>
  <File Type="RDS-UTIL" Name="DMA_project_wrapper_utilization_synth.rpt"/>
  <File Type="RDS-UTIL-PB" Name="DMA_project_wrapper_utilization_synth.pb"/>
  <File Type="RDS-DCP" Name="DMA_project_wrapper.dcp"/>
  <File Type="VDS-TIMINGSUMMARY" Name="DMA_project_wrapper_timing_summary_synth.rpt"/>
  <File Type="VDS-TIMING-PB" Name="DMA_project_wrapper_timing_summary_synth.pb"/>
  <FileSet Name="sources" Type="DesignSrcs" RelSrcDir="$PSRCDIR/sources_1">
    <Filter Type="Srcs"/>
    <File Path="$PSRCDIR/sources_1/bd/DMA_project/DMA_project.bd">
      <FileInfo>
        <Attr Name="UsedIn" Val="synthesis"/>
        <Attr Name="UsedIn" Val="implementation"/>
        <Attr Name="UsedIn" Val="simulation"/>
      </FileInfo>
    </File>
    <File Path="$PSRCDIR/sources_1/bd/DMA_project/hdl/DMA_project_wrapper.v">
      <FileInfo>
        <Attr Name="UsedIn" Val="synthesis"/>
        <Attr Name="UsedIn" Val="implementation"/>
        <Attr Name="UsedIn" Val="simulation"/>
      </FileInfo>
    </File>
    <Config>
      <Option Name="DesignMode" Val="RTL"/>
      <Option Name="TopModule" Val="DMA_project_wrapper"/>
      <Option Name="TopAutoSet" Val="TRUE"/>
    </Config>
  </FileSet>
  <FileSet Name="constrs_in" Type="Constrs" RelSrcDir="$PSRCDIR/constrs_1">
    <Filter Type="Constrs"/>
    <Config>
      <Option Name="ConstrsType" Val="XDC"/>
    </Config>
  </FileSet>
  <Strategy Version="1" Minor="2">
    <StratHandle Name="Vivado Synthesis Defaults" Flow="Vivado Synthesis 2017">
      <Desc>Vivado Synthesis Defaults</Desc>
    </StratHandle>
    <Step Id="synth_design"/>
  </Strategy>
  <BlockFileSet Type="BlockSrcs" Name="DMA_project_processing_system7_0_1"/>
  <BlockFileSet Type="BlockSrcs" Name="DMA_project_axi_dma_0_1"/>
  <BlockFileSet Type="BlockSrcs" Name="DMA_project_smartconnect_0_0"/>
  <BlockFileSet Type="BlockSrcs" Name="DMA_project_rst_ps7_0_100M_0"/>
  <BlockFileSet Type="BlockSrcs" Name="DMA_project_axis_data_fifo_0_0"/>
  <BlockFileSet Type="BlockSrcs" Name="DMA_project_auto_pc_0"/>
</GenRun>
